id,group,duration_seconds,reference_words,baseline_hypothesis_words,IRM_hypothesis_words,baseline_word_errors,IRM_word_errors,change_in_word_errors
test:6430,Southern British English,12.49,34,23,440,24,440,416
test:6358,Southern British English,3.22,10,6,440,5,434,429
test:6396,Southern British English,11.86,48,40,440,10,429,419
test:6344,Southern British English,36.04,81,72,389,24,341,317
test:6610,Southern British English,28.0,50,51,69,7,23,16
test:6374,Southern British English,18.79,50,45,55,14,22,8
test:6640,Southern British English,26.5,6,6,21,0,16,16
test:6366,Southern British English,6.58,17,8,23,14,15,1
test:6364,Southern British English,4.9,13,9,20,10,14,4
test:6596,Southern British English,28.03,57,53,63,11,14,3
test:6354,Southern British English,7.29996875,32,8,34,26,13,-13
test:6306,Southern British English,24.94,60,53,62,21,13,-8
test:6368,Southern British English,12.67,32,34,34,7,12,5
test:6390,Southern British English,20.65,67,64,70,19,12,-7
test:6296,Southern British English,17.8,42,41,40,14,11,-3
test:6340,Southern British English,23.29,63,59,62,13,11,-2
test:6412,Southern British English,1.6,10,1,5,10,10,0
test:6302,Southern British English,9.37,23,21,23,11,9,-2
test:6414,Southern British English,10.9,44,41,43,13,9,-4
test:6394,Southern British English,10.93,26,8,19,20,9,-11
test:6352,Southern British English,5.98,16,6,14,10,8,-2
test:6378,Southern British English,7.54,14,14,16,5,8,3
test:6402,Southern British English,14.14,33,23,31,13,8,-5
test:6580,Southern British English,17.98,58,53,57,12,8,-4
test:6342,Southern British English,1.78,6,9,9,7,7,0
test:6314,Southern British English,5.44,17,16,18,7,7,0
test:6582,Southern British English,5.5,16,9,10,7,7,0
test:6356,Southern British English,6.66996875,25,23,27,9,7,-2
test:6286,Southern British English,10.24,30,27,32,7,7,0
test:6360,Southern British English,10.48,27,19,25,11,7,-4
test:6516,Southern British English,17.35,19,12,15,7,7,0
test:6318,Southern British English,23.68,60,52,60,11,7,-4
test:6422,Southern British English,0.76,6,2,1,6,6,0
test:6326,Southern British English,1.48,6,5,8,5,6,1
test:6274,Southern British English,3.73,11,6,6,6,6,0
test:6322,Southern British English,4.48,16,16,16,4,6,2
test:6436,Southern British English,5.47,19,15,16,6,6,0
test:6400,Southern British English,5.65,29,19,24,12,6,-6
test:6627,Southern British English,6.61,24,23,25,6,6,0
test:6304,Southern British English,2.2,8,7,7,2,5,3
test:6338,Southern British English,2.86,11,12,15,8,5,-3
test:6558,Southern British English,3.46,5,1,2,5,5,0
test:6312,Southern British English,3.79,11,11,10,6,5,-1
test:6428,Southern British English,5.8,22,25,24,6,5,-1
test:6552,Southern British English,6.55,17,14,20,6,5,-1
test:6404,Southern British English,6.79,22,12,19,10,5,-5
test:6386,Southern British English,6.91,22,17,20,6,5,-1
test:6466,Southern British English,7.39,21,18,23,3,5,2
test:6372,Southern British English,9.52,15,13,16,5,5,0
test:6592,Southern British English,12.52,27,22,29,5,5,0
test:6348,Southern British English,2.83,14,11,12,3,4,1
test:6334,Southern British English,4.48,11,11,11,4,4,0
test:6294,Southern British English,4.57,15,12,15,6,4,-2
test:6444,Southern British English,4.72,18,17,17,4,4,0
test:6520,Southern British English,5.02,13,10,9,4,4,0
test:6442,Southern British English,8.08,29,23,30,11,4,-7
test:6576,Southern British English,11.89,35,31,32,5,4,-1
test:6282,Southern British English,19.18,34,28,31,7,4,-3
test:6406,Southern British English,0.37,3,2,1,3,3,0
test:6616,Southern British English,0.46,4,2,2,2,3,1
test:6620,Southern British English,1.54,5,4,7,1,3,2
test:6458,Southern British English,2.38,5,6,6,3,3,0
test:6419,Southern British English,2.41,6,4,5,4,3,-1
test:6566,Southern British English,3.16,13,5,13,8,3,-5
test:6418,Southern British English,3.55,18,17,18,3,3,0
test:6590,Southern British English,4.15,14,14,15,7,3,-4
test:6476,Southern British English,5.41,11,6,10,6,3,-3
test:6605,Southern British English,5.71,17,16,18,3,3,0
test:6308,Southern British English,6.31,22,20,23,5,3,-2
test:6614,Southern British English,6.34,19,17,17,3,3,0
test:6376,Southern British English,6.49,14,13,16,5,3,-2
test:6635,Southern British English,9.07,24,23,24,2,3,1
test:6332,Southern British English,9.43,26,22,26,7,3,-4
test:6490,Southern British English,10.78,34,33,34,6,3,-3
test:6612,Southern British English,12.25,31,28,32,3,3,0
test:6588,Southern British English,12.64,21,14,20,9,3,-6
test:6546,Southern British English,12.67,42,39,41,6,3,-3
test:6608,Southern British English,13.12,32,28,31,10,3,-7
test:6450,Southern British English,0.22,2,3,2,1,2,1
test:6638,Southern British English,0.28,1,2,2,2,2,0
test:6420,Southern British English,0.55,5,4,4,2,2,0
test:6446,Southern British English,0.58,3,2,2,2,2,0
test:6456,Southern British English,0.61,5,2,5,5,2,-3
test:6508,Southern British English,0.61,2,1,1,2,2,0
test:6472,Southern British English,0.79,3,3,3,2,2,0
test:6408,Southern British English,1.3,10,9,9,1,2,1
test:6380,Southern British English,1.54,6,6,6,3,2,-1
test:6316,Southern British English,1.75,8,8,8,0,2,2
test:6424,Southern British English,2.65,12,13,13,2,2,0
test:6324,Southern British English,2.68,12,13,13,3,2,-1
test:6392,Southern British English,3.7,10,6,8,5,2,-3
test:6460,Southern British English,4.36,12,14,12,4,2,-2
test:6346,Southern British English,4.39,17,10,17,7,2,-5
test:6560,Southern British English,9.91,30,26,29,5,2,-3
test:6370,Southern British English,10.15,28,21,27,8,2,-6
test:6280,Southern British English,14.44,25,23,26,2,2,0
test:6633,Southern British English,14.68,10,8,9,2,2,0
test:6584,Southern British English,15.46,32,31,31,2,2,0
test:6524,Southern British English,0.13,1,2,1,2,1,-1
test:6603,Southern British English,0.19,1,1,1,1,1,0
test:6362,Southern British English,0.22,1,1,1,1,1,0
test:6570,Southern British English,0.28,1,1,1,1,1,0
test:6288,Southern British English,0.49,1,2,1,2,1,-1
test:6629,Southern British English,0.76,3,2,3,1,1,0
test:6350,Southern British English,0.97,5,4,5,1,1,0
test:6506,Southern British English,0.97,2,1,2,1,1,0
test:6320,Southern British English,1.03,4,3,3,1,1,0
test:6454,Southern British English,1.15,6,6,6,1,1,0
test:6522,Southern British English,1.15,2,1,1,1,1,0
test:6514,Southern British English,1.39003125,6,6,6,1,1,0
test:6504,Southern British English,1.51,5,4,4,1,1,0
test:6538,Southern British English,1.6,5,4,4,1,1,0
test:6468,Southern British English,1.63,4,3,3,1,1,0
test:6310,Southern British English,1.96,6,6,6,4,1,-3
test:6432,Southern British English,2.08,12,11,11,1,1,0
test:6526,Southern British English,2.32,9,9,10,0,1,1
test:6290,Southern British English,2.38,2,3,3,1,1,0
test:6496,Southern British English,2.68,9,8,9,1,1,0
test:6462,Southern British English,2.98,12,10,12,5,1,-4
test:6599,Southern British English,2.98,4,2,4,3,1,-2
test:6398,Southern British English,3.07,10,7,10,4,1,-3
test:6536,Southern British English,3.07,11,10,11,1,1,0
test:6544,Southern British English,3.28003125,8,7,7,2,1,-1
test:6452,Southern British English,3.97,12,12,13,1,1,0
test:6448,Southern British English,4.36,12,10,12,4,1,-3
test:6631,Southern British English,5.83,8,7,7,1,1,0
test:6548,Southern British English,7.15,24,23,24,2,1,-1
test:6464,Southern British English,7.24,3,1,2,2,1,-1
test:6601,Southern British English,7.99,23,20,22,3,1,-2
test:6550,Southern British English,8.32,22,21,22,1,1,0
test:6278,Southern British English,8.56,10,9,10,2,1,-1
test:6330,Southern British English,11.35,34,32,34,2,1,-1
test:6556,Southern British English,16.06,29,28,29,1,1,0
test:6298,Southern British English,17.17,45,43,45,4,1,-3
test:6578,Southern British English,0.16,1,1,1,1,0,-1
test:6382,Southern British English,0.4,1,1,1,0,0,0
test:6336,Southern British English,0.43,1,1,1,0,0,0
test:6586,Southern British English,0.49,1,1,1,1,0,-1
test:6625,Southern British English,0.58,1,1,1,0,0,0
test:6528,Southern British English,0.61,3,3,3,0,0,0
test:6384,Southern British English,0.64,1,1,1,0,0,0
test:6534,Southern British English,0.64,1,1,1,0,0,0
test:6426,Southern British English,0.7,1,1,1,0,0,0
test:6474,Southern British English,0.7,1,1,1,0,0,0
test:6438,Southern British English,0.79,3,3,3,0,0,0
test:6284,Southern British English,0.85,4,4,4,0,0,0
test:6434,Southern British English,0.94,5,5,5,0,0,0
test:6622,Southern British English,1.21,4,4,4,0,0,0
test:6494,Southern British English,1.27,2,1,2,1,0,-1
test:6618,Southern British English,1.27,6,5,6,1,0,-1
test:6532,Southern British English,1.45,6,5,6,1,0,-1
test:6328,Southern British English,1.48,7,7,7,0,0,0
test:6440,Southern British English,1.57,8,8,8,0,0,0
test:6470,Southern British English,1.66,5,5,5,0,0,0
test:6492,Southern British English,1.69,4,3,4,1,0,-1
test:6498,Southern British English,1.75,4,4,4,0,0,0
test:6410,Southern British English,1.96,5,5,5,0,0,0
test:6594,Southern British English,2.08003125,9,9,9,0,0,0
test:6562,Southern British English,2.32,7,7,7,0,0,0
test:6484,Southern British English,2.44,11,12,11,2,0,-2
test:6300,Southern British English,2.56,5,5,5,1,0,-1
test:6416,Southern British English,2.59,5,5,5,0,0,0
test:6554,Southern British English,2.98,9,9,9,0,0,0
test:6292,Southern British English,3.22,6,6,6,2,0,-2
test:6572,Southern British English,3.31,13,13,13,0,0,0
test:6480,Southern British English,3.37,9,9,9,0,0,0
test:6518,Southern British English,3.49,10,10,10,0,0,0
test:6388,Southern British English,3.79,6,6,6,0,0,0
test:6502,Southern British English,4.33,11,10,11,1,0,-1
test:6482,Southern British English,5.23,12,12,12,0,0,0
test:6488,Southern British English,5.35,18,18,18,0,0,0
test:6512,Southern British English,5.47,17,17,17,0,0,0
test:6540,Southern British English,6.19,19,19,19,0,0,0
test:6564,Southern British English,6.37,25,23,25,2,0,-2
test:6486,Southern British English,7.63,25,23,25,2,0,-2
test:6510,Southern British English,9.04,21,17,21,4,0,-4
test:6542,Southern British English,11.85996875,31,29,31,2,0,-2
test:6500,Southern British English,18.22,48,47,48,1,0,-1
