accent,w/o FT,IRM selected trained checkpoint,IRM best trained checkpoint
Bulgarian,22.686151704940848,13.813500347947112,13.813500347947112
Catalan,28.521341463414632,19.89329268292683,19.89329268292683
Filipino,17.26716519374575,14.683888511216859,14.683888511216859
French,12.857142857142858,8.636363636363637,8.636363636363637
Ghanain English,22.880993150684933,14.619006849315069,14.619006849315069
Hebrew,22.741844239109938,13.350933433905336,13.350933433905336
Hindi,17.7998017839445,10.406342913776015,10.406342913776015
Indian English,18.226018396846253,14.42838370565046,14.42838370565046
Indonesian,23.823051948051948,16.274350649350648,16.274350649350648
Irish English,16.362995180439636,12.918772775361466,12.918772775361466
Italian,20.23837345174106,25.029212432811406,25.029212432811406
Jamaican English,28.23708627613904,25.37044730646725,25.37044730646725
Kenyan English,32.46183324062056,29.785524445268557,29.785524445268557
Lithuanian,26.73163940132266,17.951618517229377,17.951618517229377
Mainstream US English,21.831847579094564,22.79321796888656,22.79321796888656
Mandarin,21.76196032672112,18.728121353558926,18.728121353558926
Nigerian English,29.06287501363686,36.25950034546711,36.25950034546711
Romanian,30.386300278773398,22.102747909199522,22.102747909199522
Scottish English,24.41351888667992,20.715705765407556,20.715705765407556
Sinhalese,24.5993031358885,17.5609756097561,17.5609756097561
Southern British English,26.724436741767764,76.60311958405546,76.60311958405546
Spanish,24.242424242424242,18.43364391840846,18.43364391840846
Spanish (Mexican),39.08794788273616,26.492942453854507,26.492942453854507
Tagalog,14.45945945945946,10.067567567567568,10.067567567567568
Urdu,25.859127467706557,18.693638800877405,18.693638800877405
Vietnamese,37.69563426688632,49.361614497528834,49.361614497528834
