accent,w/o FT,ERM
Bulgarian,22.686151704940848,14.30062630480167
Catalan,28.521341463414632,19.817073170731707
Filipino,17.26716519374575,15.975526852481305
French,12.857142857142858,9.74025974025974
Ghanain English,22.880993150684933,14.683219178082192
Hebrew,22.741844239109938,14.35036771638695
Hindi,17.7998017839445,10.882061446977206
Indian English,18.226018396846253,14.441524310118265
Indonesian,23.823051948051948,16.9237012987013
Irish English,16.362995180439636,12.907017750088162
Italian,20.23837345174106,15.283944846926852
Jamaican English,28.23708627613904,28.63869270184185
Kenyan English,32.46183324062056,26.48494962605847
Lithuanian,26.73163940132266,14.775495997215454
Mainstream US English,21.831847579094564,26.830973606012936
Mandarin,21.76196032672112,21.266044340723454
Nigerian English,29.06287501363686,29.110149459980363
Romanian,30.386300278773398,31.461569095977698
Scottish English,24.41351888667992,20.47713717693837
Sinhalese,24.5993031358885,17.49128919860627
Southern British English,26.724436741767764,46.37781629116118
Spanish,24.242424242424242,18.33291362377235
Spanish (Mexican),39.08794788273616,28.664495114006513
Tagalog,14.45945945945946,10.54054054054054
Urdu,25.859127467706557,18.523031927857666
Vietnamese,37.69563426688632,36.779242174629324
