accent,w/o FT,IRM
Bulgarian,22.686151704940848,22.686151704940848
Catalan,28.521341463414632,28.521341463414632
Filipino,17.26716519374575,17.26716519374575
French,12.857142857142858,12.857142857142858
Ghanain English,22.880993150684933,22.880993150684933
Hebrew,22.741844239109938,22.741844239109938
Hindi,17.7998017839445,17.7998017839445
Indian English,18.226018396846253,18.226018396846253
Indonesian,23.823051948051948,23.823051948051948
Irish English,16.362995180439636,16.362995180439636
Italian,20.23837345174106,20.23837345174106
Jamaican English,28.23708627613904,28.23708627613904
Kenyan English,32.46183324062056,32.46183324062056
Lithuanian,26.73163940132266,26.73163940132266
Mainstream US English,21.831847579094564,21.831847579094564
Mandarin,21.76196032672112,21.76196032672112
Nigerian English,29.06287501363686,29.06287501363686
Romanian,30.386300278773398,30.386300278773398
Scottish English,24.41351888667992,24.41351888667992
Sinhalese,24.5993031358885,24.5993031358885
Southern British English,26.724436741767764,26.724436741767764
Spanish,24.242424242424242,24.242424242424242
Spanish (Mexican),39.08794788273616,39.08794788273616
Tagalog,14.45945945945946,14.45945945945946
Urdu,25.859127467706557,25.859127467706557
Vietnamese,37.69563426688632,37.69563426688632
