accent,w/o FT,SD
Bulgarian,22.686151704940848,14.787752261656228
Catalan,28.521341463414632,26.509146341463413
Filipino,17.26716519374575,15.771583956492183
French,12.857142857142858,9.935064935064934
Ghanain English,22.880993150684933,14.64041095890411
Hebrew,22.741844239109938,14.237224212709787
Hindi,17.7998017839445,10.644202180376611
Indian English,18.226018396846253,17.634691195795007
Indonesian,23.823051948051948,15.787337662337663
Irish English,16.362995180439636,23.8391912542612
Italian,20.23837345174106,15.377424631923347
Jamaican English,28.23708627613904,32.086968563910816
Kenyan English,32.46183324062056,36.022003832128064
Lithuanian,26.73163940132266,15.219282979463975
Mainstream US English,21.831847579094564,23.632232127250482
Mandarin,21.76196032672112,44.71995332555426
Nigerian English,29.06287501363686,33.848503581948435
Romanian,30.386300278773398,22.779769016328157
Scottish English,24.41351888667992,39.12524850894632
Sinhalese,24.5993031358885,17.979094076655052
Southern British English,26.724436741767764,37.12305025996534
Spanish,24.242424242424242,28.926382943003443
Spanish (Mexican),39.08794788273616,73.61563517915309
Tagalog,14.45945945945946,9.391891891891891
Urdu,25.859127467706557,19.376066292956374
Vietnamese,37.69563426688632,39.99176276771005
