accent,w/o FT,DRO
Bulgarian,22.686151704940848,18.16283924843424
Catalan,28.521341463414632,26.875
Filipino,17.26716519374575,16.04350781781101
French,12.857142857142858,9.87012987012987
Ghanain English,22.880993150684933,15.967465753424657
Hebrew,22.741844239109938,15.330944748255705
Hindi,17.7998017839445,11.853320118929632
Indian English,18.226018396846253,15.28252299605782
Indonesian,23.823051948051948,17.491883116883116
Irish English,16.362995180439636,18.326084401081463
Italian,20.23837345174106,26.36129936901145
Jamaican English,28.23708627613904,25.924387203988367
Kenyan English,32.46183324062056,26.324247481302923
Lithuanian,26.73163940132266,15.645666550643925
Mainstream US English,21.831847579094564,32.109771019052616
Mandarin,21.76196032672112,20.47841306884481
Nigerian English,29.06287501363686,36.43405214735081
Romanian,30.386300278773398,25.567502986857825
Scottish English,24.41351888667992,21.232604373757454
Sinhalese,24.5993031358885,20.278745644599304
Southern British English,26.724436741767764,21.629116117850952
Spanish,24.242424242424242,19.27306304037606
Spanish (Mexican),39.08794788273616,30.510314875135723
Tagalog,14.45945945945946,11.013513513513514
Urdu,25.859127467706557,20.05849378503534
Vietnamese,37.69563426688632,41.803953871499175
